date,zhanghu,plan,pv,click,cpv,cost,cpc
2020-12-30,0ji@pingsheme.com,第三方软件-极光PDF阅读器-转换器,58.21,83,1.425871843325889,598.0,7.204819277108434
2020-12-30,0ji@pingsheme.com,第三方软件-极光PDF阅读器-阅读器,631.26,807,1.2783955897728354,4831.0,5.98636926889715
2020-12-30,0ji@pingsheme.com,第三方软件-极光PDF阅读器-其它类,56.21,83,1.4766055861946272,1170.0,14.096385542168674
2020-12-30,0ji@pingsheme.com,第三方软件-极光PDF阅读器-编辑器,2.33,5,2.1459227467811157,26.0,5.2
2020-12-30,0ji@pingsheme.com,第三方软件-极光PDF阅读器-下载类,56.99,80,1.403755044744692,467.0,5.8375
2020-12-30,as570vrst202@163.com,第三方软件-极光PDF转换器,50457.0,466,0.009235586737221793,228.2,0.4896995708154506
2020-12-30,as570vrst202@163.com,第三方软件-极光PDF阅读器,192420.0,3587,0.018641513356199978,3854.06,1.0744521884583218
2020-12-30,beihu1142@hbscp.top,第三方软件-photoshopcs6,5375.0,9,0.0016744186046511627,3.59,0.39888888888888885
2020-12-30,beihu1142@hbscp.top,第三方软件-QQ影音,2342.0,8,0.0034158838599487617,2.45,0.30625
2020-12-30,beihu1142@hbscp.top,第三方软件-微师客户端,309.0,22,0.07119741100323625,7.44,0.3381818181818182
2020-12-30,beihu1142@hbscp.top,公司软件-猎豹免费WIFI,596.0,42,0.07046979865771812,14.76,0.3514285714285714
2020-12-30,beihu1142@hbscp.top,第三方软件-暴风影音,1066.0,54,0.05065666041275797,17.32,0.32074074074074077
2020-12-30,beihu1142@hbscp.top,第三方软件-网易云音乐,1675.0,7,0.00417910447761194,2.1,0.3
2020-12-30,beihu1142@hbscp.top,第三方软件-瞩目,338.0,6,0.01775147928994083,1.94,0.3233333333333333
2020-12-30,beihu1142@hbscp.top,第三方软件-钉钉电脑版,1060.0,1,0.0009433962264150943,0.43,0.43
2020-12-30,beihu1142@hbscp.top,第三方软件-EV录屏,921.0,0,0.0,0.0,
2020-12-30,beihu1142@hbscp.top,第三方软件-芒果TV,100.0,2,0.02,0.64,0.32
2020-12-30,beihu1142@hbscp.top,第三方软件-whatsapp,35.0,3,0.08571428571428572,0.9,0.3
2020-12-30,beihu1142@hbscp.top,第三方软件-阿里旺旺,321.0,4,0.012461059190031152,1.2,0.3
2020-12-30,beihu1142@hbscp.top,第三方软件-FlashPlayer,4853.0,64,0.01318771893674016,23.37,0.36515625
2020-12-30,beihu1142@hbscp.top,第三方软件-Rar解压软件,6205.0,68,0.010958904109589041,23.46,0.34500000000000003
2020-12-30,beihu1142@hbscp.top,第三方软件-WPS-word,9704.0,406,0.041838417147568016,136.62,0.3365024630541872
2020-12-30,beihu1142@hbscp.top,第三方软件-我的世界,7639.0,325,0.04254483571148056,99.27,0.3054461538461538
2020-12-30,beihu1142@hbscp.top,第三方软件-金山打字通,8909.0,379,0.04254125042092266,140.3,0.37018469656992087
2020-12-30,beihu1142@hbscp.top,第三方软件-WPS-excel,17561.0,636,0.036216616365810604,244.0,0.3836477987421384
2020-12-30,beihu1142@hbscp.top,第三方软件-WPS,97752.0,2077,0.021247647106964564,995.35,0.47922484352431394
2020-12-30,beihu1142@hbscp.top,第三方软件-千牛,7736.0,180,0.02326783867631851,76.11,0.42283333333333334
2020-12-30,beihu1142@hbscp.top,第三方软件-美图秀秀,19965.0,125,0.006260956674179815,51.34,0.41072000000000003
2020-12-30,beihu1142@hbscp.top,第三方软件-微信,14231.0,90,0.006324221769376713,27.59,0.3065555555555556
2020-12-30,beihu1142@hbscp.top,第三方软件-QQ,103558.0,69,0.0006662932849224589,24.32,0.35246376811594204
2020-12-30,beihu1142@hbscp.top,第三方软件-万能五笔,3688.0,68,0.01843817787418655,29.35,0.43161764705882355
2020-12-30,beihu1142@hbscp.top,第三方软件-驱动精灵,7204.0,84,0.011660188784008884,34.87,0.4151190476190476
2020-12-30,beihu1142@hbscp.top,第三方软件-极品五笔输入法,3647.0,90,0.024677817384151358,41.28,0.45866666666666667
2020-12-30,beihu1142@hbscp.top,第三方软件-搜狗输入法,41960.0,2843,0.06775500476644424,1486.75,0.5229511079845234
2020-12-30,beihu6812@hbscp.top,公司软件-C盘瘦身,14888.0,720,0.04836109618484686,272.56,0.37855555555555553
2020-12-30,bj猎豹移动2,第三方软件-美图秀秀,4190.0,15,0.003579952267303103,5.4,0.36000000000000004
2020-12-30,bj猎豹移动2,第三方软件-微师客户端,307.0,23,0.0749185667752443,6.97,0.3030434782608696
2020-12-30,bj猎豹移动2,第三方软件-暴风影音,468.0,15,0.03205128205128205,4.5,0.3
2020-12-30,bj猎豹移动2,第三方软件-搜狗五笔,1996.0,12,0.006012024048096192,4.06,0.3383333333333333
2020-12-30,bj猎豹移动2,第三方软件-QQ五笔,712.0,9,0.012640449438202247,2.83,0.31444444444444447
2020-12-30,bj猎豹移动2,第三方软件-QQ拼音,1331.0,22,0.01652892561983471,7.02,0.3190909090909091
2020-12-30,bj猎豹移动2,第三方软件-逍遥笔手写输入法,1072.0,21,0.01958955223880597,7.36,0.3504761904761905
2020-12-30,bj猎豹移动2,第三方软件-极点五笔输入法,4514.0,36,0.007975188303057155,10.98,0.305
2020-12-30,bj猎豹移动2,第三方软件-光影魔术手,809.0,33,0.0407911001236094,11.55,0.35000000000000003
2020-12-30,bj猎豹移动2,第三方软件-网易云音乐,6140.0,36,0.005863192182410423,10.8,0.30000000000000004
2020-12-30,bj猎豹移动2,第三方软件-zoom视频会议,2933.0,28,0.00954653937947494,10.39,0.3710714285714286
2020-12-30,bj猎豹移动2,第三方软件-CAJViewer,801.0,22,0.02746566791510612,8.59,0.39045454545454544
2020-12-30,bj猎豹移动2,第三方软件-EV录屏,5745.0,7,0.0012184508268059183,2.16,0.3085714285714286
2020-12-30,bj猎豹移动2,第三方软件-万能五笔,474.0,5,0.010548523206751054,2.06,0.41200000000000003
2020-12-30,bj猎豹移动2,第三方软件-陌陌电脑版,130.0,0,0.0,0.0,
2020-12-30,bj猎豹移动2,第三方软件-网易邮箱大师,154.0,1,0.006493506493506494,0.3,0.3
2020-12-30,bj猎豹移动2,第三方软件-腾讯会议,8.0,0,0.0,0.0,
2020-12-30,bj猎豹移动2,第三方软件-王者荣耀PC版,574.0,0,0.0,0.0,
2020-12-30,bj猎豹移动2,公司软件-猎豹免费WIFI,26.0,0,0.0,0.0,
2020-12-30,bj猎豹移动2,第三方软件-whatsapp,7.0,1,0.14285714285714285,0.3,0.3
2020-12-30,bj猎豹移动2,第三方软件-photoshopcs6,2401.0,2,0.0008329862557267805,0.66,0.33
2020-12-30,bj猎豹移动2,第三方软件-芒果TV,99.0,6,0.06060606060606061,1.89,0.315
2020-12-30,bj猎豹移动2,第三方软件-cad快速看图,1372.0,5,0.0036443148688046646,1.83,0.366
2020-12-30,bj猎豹移动2,第三方软件-小鱼易连,168.0,6,0.03571428571428571,1.8,0.3
2020-12-30,bj猎豹移动2,第三方软件-Visio,786.0,5,0.006361323155216285,1.5,0.3
2020-12-30,bj猎豹移动2,第三方软件-QQ影音,4788.0,39,0.008145363408521303,12.13,0.31102564102564106
2020-12-30,bj猎豹移动2,第三方软件-QQ,143937.0,53,0.00036821665034007936,15.94,0.30075471698113204
2020-12-30,bj猎豹移动2,第三方软件-酷我音乐,9561.0,334,0.03493358435310114,100.1,0.2997005988023952
2020-12-30,bj猎豹移动2,第三方软件-千牛,10037.0,403,0.040151439673209124,161.93,0.4018114143920596
2020-12-30,bj猎豹移动2,第三方软件-微信,25333.0,319,0.012592270950933565,96.13,0.3013479623824451
2020-12-30,bj猎豹移动2,第三方软件-优酷客户端,21562.0,258,0.01196549485205454,77.4,0.30000000000000004
2020-12-30,bj猎豹移动2,第三方软件-我的世界,6934.0,223,0.032160369195269684,66.9,0.30000000000000004
2020-12-30,bj猎豹移动2,公司软件-C盘瘦身,9815.0,454,0.046255731023942946,170.25,0.375
2020-12-30,bj猎豹移动2,第三方软件-搜狗输入法,14397.0,405,0.028130860595957492,199.24,0.4919506172839506
2020-12-30,bj猎豹移动2,第三方软件-WPS-excel,25089.0,1187,0.047311570807923795,441.77,0.37217354675652903
2020-12-30,bj猎豹移动2,第三方软件-金山打字通,16753.0,877,0.05234883304482779,300.14,0.3422348916761687
2020-12-30,bj猎豹移动2,第三方软件-驱动精灵,33590.0,559,0.016641857695742782,208.59,0.3731484794275492
2020-12-30,bj猎豹移动2,第三方软件-向日葵,29786.0,631,0.0211844490700329,205.26,0.32529318541996827
2020-12-30,bj猎豹移动2,第三方软件-FlashPlayer,5249.0,156,0.029719946656506,53.6,0.3435897435897436
2020-12-30,bj猎豹移动2,第三方软件-全民K歌,4423.0,165,0.03730499660863667,50.03,0.3032121212121212
2020-12-30,bj猎豹移动2,第三方软件-cctalk,2059.0,73,0.035454103933948516,24.91,0.34123287671232877
2020-12-30,bj猎豹移动2,第三方软件-瞩目,2419.0,78,0.03224472922695329,26.7,0.3423076923076923
2020-12-30,bj猎豹移动2,第三方软件-阿里旺旺,1216.0,53,0.04358552631578947,22.5,0.42452830188679247
2020-12-30,bj猎豹移动2,第三方软件-荒野行动,2346.0,70,0.029838022165387893,21.03,0.30042857142857143
2020-12-30,bj猎豹移动2,第三方软件-WPS-word,4537.0,58,0.01278377782675777,19.2,0.3310344827586207
2020-12-30,bj猎豹移动2,第三方软件-极品五笔输入法,6308.0,84,0.013316423589093214,31.64,0.37666666666666665
2020-12-30,bj猎豹移动2,第三方软件-雷电模拟器,8261.0,108,0.013073477787192834,33.72,0.31222222222222223
2020-12-30,bj猎豹移动2,第三方软件-钉钉电脑版,47447.0,140,0.0029506607372436614,48.94,0.34957142857142853
2020-12-30,bj猎豹移动2,第三方软件-Rar解压软件,11651.0,133,0.011415329156295596,42.33,0.3182706766917293
2020-12-30,bj猎豹移动2,第三方软件-teamviewer,6449.0,130,0.02015816405644286,39.58,0.30446153846153845
2020-12-30,bj猎豹移动2,第三方软件-香肠派对,1040.0,111,0.10673076923076923,34.35,0.30945945945945946
2020-12-30,bj猎豹移动2,第三方软件-WPS,304912.0,6636,0.021763656399223383,2828.64,0.42625678119349003
2020-12-30,gtluw5781uif3@163.com,壁纸-哈利波特,71.0,4,0.056338028169014086,1.2,0.3
2020-12-30,gtluw5781uif3@163.com,壁纸-百变小樱,103.0,5,0.04854368932038835,1.5,0.3
2020-12-30,gtluw5781uif3@163.com,壁纸-海洋,173.0,5,0.028901734104046242,1.5,0.3
2020-12-30,gtluw5781uif3@163.com,壁纸-明日方舟,343.0,5,0.014577259475218658,1.5,0.3
2020-12-30,gtluw5781uif3@163.com,壁纸-尼尔机械纪元,56.0,3,0.05357142857142857,0.9,0.3
2020-12-30,gtluw5781uif3@163.com,壁纸-银魂,28.0,3,0.10714285714285714,0.9,0.3
2020-12-30,gtluw5781uif3@163.com,壁纸-DNF壁纸,37.0,3,0.08108108108108109,0.9,0.3
2020-12-30,gtluw5781uif3@163.com,壁纸-高达壁纸,105.0,3,0.02857142857142857,0.9,0.3
2020-12-30,gtluw5781uif3@163.com,壁纸-布朗熊,161.0,3,0.018633540372670808,0.9,0.3
2020-12-30,gtluw5781uif3@163.com,壁纸-科幻,114.0,5,0.043859649122807015,1.5,0.3
2020-12-30,gtluw5781uif3@163.com,壁纸-桌面整理,425.0,6,0.01411764705882353,1.8,0.3
2020-12-30,gtluw5781uif3@163.com,壁纸-动态壁纸制作,284.0,13,0.045774647887323945,3.9,0.3
2020-12-30,gtluw5781uif3@163.com,壁纸-碧蓝航线,122.0,14,0.11475409836065574,4.2,0.3
2020-12-30,gtluw5781uif3@163.com,壁纸-汽车,351.0,15,0.042735042735042736,4.5,0.3
2020-12-30,gtluw5781uif3@163.com,壁纸-小埋壁纸,147.0,10,0.06802721088435375,3.0,0.3
2020-12-30,gtluw5781uif3@163.com,壁纸-只狼壁纸,81.0,7,0.08641975308641975,2.1,0.3
2020-12-30,gtluw5781uif3@163.com,壁纸-言叶之庭,94.0,6,0.06382978723404255,1.8,0.3
2020-12-30,gtluw5781uif3@163.com,壁纸-宇宙,103.0,6,0.05825242718446602,1.8,0.3
2020-12-30,gtluw5781uif3@163.com,壁纸-梅西壁纸,76.0,6,0.07894736842105263,1.8,0.3
2020-12-30,gtluw5781uif3@163.com,壁纸-樱花,89.0,3,0.033707865168539325,0.9,0.3
2020-12-30,gtluw5781uif3@163.com,壁纸-蜘蛛侠壁纸,50.0,3,0.06,0.9,0.3
2020-12-30,gtluw5781uif3@163.com,壁纸-愤怒的小鸟,56.0,1,0.017857142857142856,0.3,0.3
2020-12-30,gtluw5781uif3@163.com,壁纸-阿丽塔壁纸,184.0,1,0.005434782608695652,0.3,0.3
2020-12-30,gtluw5781uif3@163.com,壁纸-CF,33.0,1,0.030303030303030304,0.3,0.3
2020-12-30,gtluw5781uif3@163.com,壁纸-黑岩射手,8.0,0,0.0,0.0,
2020-12-30,gtluw5781uif3@163.com,壁纸-小林家的龙女仆,8.0,0,0.0,0.0,
2020-12-30,gtluw5781uif3@163.com,壁纸-星球大战,8.0,0,0.0,0.0,
2020-12-30,gtluw5781uif3@163.com,壁纸-守望先锋,6.0,0,0.0,0.0,
2020-12-30,gtluw5781uif3@163.com,壁纸-变形金刚,10.0,0,0.0,0.0,
2020-12-30,gtluw5781uif3@163.com,壁纸-公主连结壁纸,10.0,1,0.1,0.3,0.3
2020-12-30,gtluw5781uif3@163.com,壁纸-EVA,39.0,2,0.05128205128205128,0.6,0.3
2020-12-30,gtluw5781uif3@163.com,壁纸-小黄人,91.0,3,0.03296703296703297,0.9,0.3
2020-12-30,gtluw5781uif3@163.com,壁纸-天行九歌壁纸,86.0,3,0.03488372093023256,0.9,0.3
2020-12-30,gtluw5781uif3@163.com,壁纸-斗罗大陆,60.0,3,0.05,0.9,0.3
2020-12-30,gtluw5781uif3@163.com,壁纸-灵魂莲华,66.0,2,0.030303030303030304,0.6,0.3
2020-12-30,gtluw5781uif3@163.com,壁纸-洛天依壁纸,55.0,2,0.03636363636363636,0.6,0.3
2020-12-30,gtluw5781uif3@163.com,壁纸-魔兽世界,53.0,2,0.03773584905660377,0.6,0.3
2020-12-30,gtluw5781uif3@163.com,壁纸-罪恶王冠,40.0,2,0.05,0.6,0.3
2020-12-30,gtluw5781uif3@163.com,壁纸-少女,75.0,2,0.02666666666666667,0.6,0.3
2020-12-30,gtluw5781uif3@163.com,壁纸-我的世界,341.0,19,0.05571847507331378,5.7,0.3
2020-12-30,gtluw5781uif3@163.com,壁纸-紫罗兰永恒花园,378.0,20,0.05291005291005291,6.0,0.3
2020-12-30,gtluw5781uif3@163.com,壁纸-鬼灭之刃,4652.0,359,0.07717110920034394,107.7,0.3
2020-12-30,gtluw5781uif3@163.com,壁纸-火影,5552.0,365,0.06574207492795389,109.35,0.2995890410958904
2020-12-30,gtluw5781uif3@163.com,公司软件-高清壁纸5,4312.0,395,0.09160482374768089,118.5,0.3
2020-12-30,gtluw5781uif3@163.com,壁纸-屏保,7627.0,425,0.055723089025829294,127.5,0.3
2020-12-30,gtluw5781uif3@163.com,壁纸-鬼刀,4770.0,334,0.070020964360587,100.15,0.2998502994011976
2020-12-30,gtluw5781uif3@163.com,壁纸-时钟,8112.0,325,0.04006410256410257,97.5,0.3
2020-12-30,gtluw5781uif3@163.com,公司软件-壁纸-美女,2944.0,227,0.07710597826086957,68.1,0.3
2020-12-30,gtluw5781uif3@163.com,壁纸-你的名字,7096.0,290,0.040868094701240136,87.0,0.3
2020-12-30,gtluw5781uif3@163.com,公司软件-电脑壁纸3,6514.0,323,0.04958550813632177,96.9,0.30000000000000004
2020-12-30,gtluw5781uif3@163.com,公司软件-壁纸-动漫,10528.0,493,0.04682750759878419,147.7,0.2995943204868154
2020-12-30,gtluw5781uif3@163.com,壁纸-鼠标,7478.0,507,0.06779887670500134,152.68,0.3011439842209073
2020-12-30,gtluw5781uif3@163.com,壁纸-二次元动漫,44193.0,2728,0.06172923313646957,818.3,0.29996334310850437
2020-12-30,gtluw5781uif3@163.com,公司软件-动态桌面8,57504.0,3528,0.06135225375626043,1086.56,0.3079818594104308
2020-12-30,gtluw5781uif3@163.com,壁纸-行业词,268873.0,14957,0.055628493749837284,4537.15,0.30334625927659287
2020-12-30,gtluw5781uif3@163.com,公司软件-桌面壁纸4,17923.0,2443,0.13630530603135635,732.85,0.2999795333606222
2020-12-30,gtluw5781uif3@163.com,公司软件-动态壁纸1,39988.0,1856,0.04641392417725317,556.59,0.29988685344827587
2020-12-30,gtluw5781uif3@163.com,壁纸-海贼王,8366.0,700,0.08367200573750896,209.95,0.29992857142857143
2020-12-30,gtluw5781uif3@163.com,公司软件-动态壁纸,10681.0,956,0.08950472802172081,286.81,0.30001046025104605
2020-12-30,gtluw5781uif3@163.com,壁纸-竞品软件,30831.0,1259,0.04083552268820343,427.99,0.3399444003177125
2020-12-30,gtluw5781uif3@163.com,壁纸-4K,2346.0,200,0.08525149190110827,60.0,0.3
2020-12-30,gtluw5781uif3@163.com,公司软件-壁纸-英雄联盟,2663.0,178,0.0668419076229816,53.42,0.3001123595505618
2020-12-30,gtluw5781uif3@163.com,壁纸-锁屏壁纸,712.0,28,0.03932584269662921,8.4,0.3
2020-12-30,gtluw5781uif3@163.com,壁纸-王者,1022.0,32,0.03131115459882583,9.6,0.3
2020-12-30,gtluw5781uif3@163.com,壁纸-詹姆斯壁纸,760.0,33,0.04342105263157895,9.9,0.3
2020-12-30,gtluw5781uif3@163.com,壁纸-游戏,308.0,27,0.08766233766233766,8.05,0.29814814814814816
2020-12-30,gtluw5781uif3@163.com,壁纸-天官赐福壁纸,795.0,25,0.031446540880503145,7.45,0.298
2020-12-30,gtluw5781uif3@163.com,壁纸-JOJO,237.0,21,0.08860759493670886,6.3,0.3
2020-12-30,gtluw5781uif3@163.com,壁纸-刺客伍六七,349.0,22,0.06303724928366762,6.6,0.3
2020-12-30,gtluw5781uif3@163.com,壁纸-七龙珠壁纸,578.0,23,0.039792387543252594,6.9,0.3
2020-12-30,gtluw5781uif3@163.com,壁纸-天气之子,599.0,34,0.05676126878130217,10.2,0.3
2020-12-30,gtluw5781uif3@163.com,壁纸-蕾姆壁纸,1295.0,41,0.03166023166023166,12.3,0.30000000000000004
2020-12-30,gtluw5781uif3@163.com,壁纸-漫威,1780.0,102,0.05730337078651685,30.6,0.3
2020-12-30,gtluw5781uif3@163.com,壁纸-简约,738.0,144,0.1951219512195122,43.2,0.30000000000000004
2020-12-30,gtluw5781uif3@163.com,壁纸-初音未来,3367.0,175,0.05197505197505198,52.5,0.3
2020-12-30,gtluw5781uif3@163.com,壁纸-win壁纸,1408.0,94,0.06676136363636363,29.19,0.31053191489361703
2020-12-30,gtluw5781uif3@163.com,壁纸-进击的巨人,6927.0,50,0.007218131947452,15.0,0.3
2020-12-30,gtluw5781uif3@163.com,壁纸-musedash的壁纸,260.0,42,0.16153846153846155,12.6,0.3
2020-12-30,gtluw5781uif3@163.com,壁纸-fate,631.0,45,0.07131537242472266,13.5,0.3
2020-12-30,gtluw5781uif3@163.com,壁纸-02壁纸,767.0,47,0.061277705345501955,14.1,0.3
2020-12-30,gtluw5781uif3@163.com,公司软件-壁纸软件7,251151.0,19307,0.07687407177355456,6154.42,0.3187662505826902
2020-12-30,liubaoxin@cmcm.com,第三方软件-teamviewer,71.45,153,2.141357592722183,2870.0,18.758169934640524
2020-12-30,liubaoxin@cmcm.com,第三方软件-WPS-excel,121.25,270,2.2268041237113403,4348.0,16.103703703703705
2020-12-30,liubaoxin@cmcm.com,第三方软件-极品五笔输入法,73.78,155,2.100840336134454,933.0,6.019354838709678
2020-12-30,liubaoxin@cmcm.com,第三方软件-猎豹免费WIFI,29.25,65,2.2222222222222223,1695.0,26.076923076923077
2020-12-30,liubaoxin@cmcm.com,第三方软件-AxureRp,1.8,4,2.2222222222222223,76.0,19.0
2020-12-30,liubaoxin@cmcm.com,第三方软件-一键ROOT大师,66.6,148,2.2222222222222223,1360.0,9.18918918918919
2020-12-30,liubaoxin@cmcm.com,第三方软件-FlashPlayer,446.03,991,2.221823644149497,7215.0,7.2805247225025225
2020-12-30,liubaoxin@cmcm.com,第三方软件-美图秀秀,220.95,491,2.2222222222222223,14477.0,29.4847250509165
2020-12-30,liubaoxin@cmcm.com,第三方软件-植物大战僵尸,300.03,681,2.2697730226977306,5907.0,8.674008810572687
2020-12-30,liubaoxin@cmcm.com,第三方软件-雷电模拟器,267.57,595,2.2237171581268456,5708.0,9.59327731092437
2020-12-30,liubaoxin@cmcm.com,第三方软件-网易云音乐,1595.83,3326,2.084181899074463,61427.0,18.46873120865905
2020-12-30,liubaoxin@cmcm.com,第三方软件-QQ拼音,17.28,36,2.083333333333333,1750.0,48.611111111111114
2020-12-30,liubaoxin@cmcm.com,第三方软件-新微信PC版,8138.75,12195,1.4983873444939333,101333.0,8.309389093890939
2020-12-30,liubaoxin@cmcm.com,第三方软件-xmind,76.71,171,2.2291748142354324,1082.0,6.3274853801169595
2020-12-30,liubaoxin@cmcm.com,公司软件-猎豹浏览器,207.38,464,2.2374385186613948,8835.0,19.040948275862068
2020-12-30,liubaoxin@cmcm.com,第三方软件-万能五笔,682.46,1289,1.8887553849309848,8770.0,6.803723816912335
2020-12-30,liubaoxin@cmcm.com,第三方软件-zoom视频会议,33.3,74,2.2222222222222223,261.0,3.527027027027027
2020-12-30,liubaoxin@cmcm.com,第三方软件-网易邮箱大师,80.55,179,2.2222222222222223,2134.0,11.921787709497206
2020-12-30,liubaoxin@cmcm.com,第三方软件-狸窝全能视频转换器,13.05,29,2.2222222222222223,141.0,4.862068965517241
2020-12-30,liubaoxin@cmcm.com,第三方软件-腾讯视频,59.85,133,2.2222222222222223,10061.0,75.64661654135338
2020-12-30,liubaoxin@cmcm.com,第三方软件-迷你世界,523.26,1163,2.222604441386691,6624.0,5.695614789337919
2020-12-30,liubaoxin@cmcm.com,第三方软件-驱动精灵,1010.02,1758,1.740559592879349,15203.0,8.647895335608647
2020-12-30,liubaoxin@cmcm.com,第三方软件-钉钉电脑版,1306.3,2255,1.7262497129296488,15768.0,6.992461197339246
2020-12-30,liubaoxin@cmcm.com,第三方软件-Notepad,39.6,88,2.2222222222222223,959.0,10.897727272727273
2020-12-30,liubaoxin@cmcm.com,第三方软件-PDF,137.58,251,1.8243930803895914,4086.0,16.278884462151396
2020-12-30,liubaoxin@cmcm.com,第三方软件-飞信,1.0,2,2.0,44.0,22.0
2020-12-30,liubaoxin@cmcm.com,公司软件-C盘瘦身,52.45,117,2.2306959008579597,2236.0,19.11111111111111
2020-12-30,liubaoxin@cmcm.com,第三方软件-泡泡加速器,43.65,97,2.2222222222222223,278.0,2.865979381443299
2020-12-30,liubaoxin@cmcm.com,第三方软件-向日葵,705.04,1371,1.9445705208215138,7826.0,5.708242159008023
2020-12-30,liubaoxin@cmcm.com,第三方软件-QQ音乐,3.15,7,2.2222222222222223,213.0,30.428571428571427
2020-12-30,liubaoxin@cmcm.com,第三方软件-洋葱教学,21.15,47,2.2222222222222223,515.0,10.957446808510639
2020-12-30,liubaoxin@cmcm.com,第三方软件-photoshopcs6,501.35,1026,2.046474518799242,8983.0,8.755360623781677
2020-12-30,liubaoxin@cmcm.com,毒霸-杀软,8.55,19,2.222222222222222,537.0,28.263157894736842
2020-12-30,liubaoxin@cmcm.com,第三方软件-香肠派对,12.15,27,2.2222222222222223,129.0,4.777777777777778
2020-12-30,liubaoxin@cmcm.com,第三方软件-CAJViewer,186.78,390,2.0880179890780597,3427.0,8.787179487179488
2020-12-30,liubaoxin@cmcm.com,第三方软件-腾讯会议,3.18,7,2.20125786163522,2834.0,404.85714285714283
2020-12-30,liubaoxin@cmcm.com,第三方软件-QQ,303.43,590,1.9444352898526842,17335.0,29.38135593220339
2020-12-30,liubaoxin@cmcm.com,第三方软件-韩语输入法,2.7,6,2.222222222222222,75.0,12.5
2020-12-30,liubaoxin@cmcm.com,第三方软件-爱剪辑,141.3,314,2.222222222222222,1278.0,4.070063694267516
2020-12-30,liubaoxin@cmcm.com,第三方软件-QQ影音,28.14,62,2.203269367448472,2465.0,39.75806451612903
2020-12-30,liubaoxin@cmcm.com,第三方软件-微师客户端,52.69,115,2.1825773391535397,513.0,4.460869565217391
2020-12-30,liubaoxin@cmcm.com,第三方软件-和平精英,6.3,14,2.2222222222222223,127.0,9.071428571428571
2020-12-30,liubaoxin@cmcm.com,第三方软件-classin,11.25,25,2.2222222222222223,489.0,19.56
2020-12-30,liubaoxin@cmcm.com,第三方软件-全民K歌,486.47,1091,2.2426871132855055,5493.0,5.034830430797434
2020-12-30,liubaoxin@cmcm.com,第三方软件-WPS-ppt,203.61,453,2.2248416089583025,2009.0,4.434878587196468
2020-12-30,liubaoxin@cmcm.com,第三方软件-cctalk,11.7,26,2.2222222222222223,576.0,22.153846153846153
2020-12-30,liubaoxin@cmcm.com,第三方软件-MindManager,0.45,1,2.2222222222222223,8.0,8.0
2020-12-30,liubaoxin@cmcm.com,第三方软件-Adobe Reader,54.17,119,2.1967878899760014,728.0,6.117647058823529
2020-12-30,liubaoxin@cmcm.com,第三方软件-WPS,3001.07,5395,1.7976921564641943,26558.0,4.922706209453198
2020-12-30,liubaoxin@cmcm.com,第三方软件-我的世界,133.65,297,2.2222222222222223,1395.0,4.696969696969697
2020-12-30,liubaoxin@cmcm.com,公司软件-金山打字通,95.85,185,1.9300991131977048,1453.0,7.854054054054054
2020-12-30,liubaoxin@cmcm.com,第三方软件-AutoCAD,25.2,56,2.2222222222222223,562.0,10.035714285714286
2020-12-30,liubaoxin@cmcm.com,第三方软件-千牛,440.21,941,2.1376161377524365,3273.0,3.4782146652497343
2020-12-30,liubaoxin@cmcm.com,第三方软件-部落冲突,2.4,5,2.0833333333333335,28.0,5.6
2020-12-30,liubaoxin@cmcm.com,第三方软件-阿里旺旺,159.72,338,2.1162033558727775,3082.0,9.118343195266272
2020-12-30,liubaoxin@cmcm.com,第三方软件-小鱼易连,93.2,189,2.0278969957081543,834.0,4.412698412698413
2020-12-30,liubaoxin@cmcm.com,第三方软件-Microsoft,11.7,26,2.2222222222222223,1197.0,46.03846153846154
2020-12-30,liubaoxin@cmcm.com,第三方软件-谷歌浏览器,1850.18,3069,1.658757526294739,28124.0,9.163897034864776
2020-12-30,liubaoxin@cmcm.com,第三方软件-新酷我音乐,456.95,926,2.0264799212167635,5301.0,5.724622030237581
2020-12-30,liubaoxin@cmcm.com,第三方软件-Origin,78.3,174,2.2222222222222223,1464.0,8.413793103448276
2020-12-30,liubaoxin@cmcm.com,第三方软件-CorelDRAW,9.45,21,2.2222222222222223,307.0,14.619047619047619
2020-12-30,liubaoxin@cmcm.com,第三方软件-企业微信,84.39,172,2.0381561796421375,4346.0,25.267441860465116
2020-12-30,liubaoxin@cmcm.com,第三方软件-foxmail,36.58,76,2.077638053581192,1830.0,24.07894736842105
2020-12-30,liubaoxin@cmcm.com,第三方软件-智能ABC,2.7,6,2.222222222222222,84.0,14.0
2020-12-30,liubaoxin@cmcm.com,第三方软件-王者荣耀PC版,73.35,163,2.2222222222222223,9811.0,60.190184049079754
2020-12-30,liubaoxin@cmcm.com,第三方软件-讯飞输入法,6.3,14,2.2222222222222223,787.0,56.214285714285715
2020-12-30,liubaoxin@cmcm.com,第三方软件-直播云,8.1,18,2.2222222222222223,132.0,7.333333333333333
2020-12-30,liubaoxin@cmcm.com,第三方软件-分区助手,23.08,52,2.2530329289428077,1237.0,23.78846153846154
2020-12-30,liubaoxin@cmcm.com,第三方软件-QQ浏览器,234.4,464,1.9795221843003412,5704.0,12.293103448275861
2020-12-30,liubaoxin@cmcm.com,第三方软件-比特精灵,3.6,8,2.2222222222222223,175.0,21.875
2020-12-30,liubaoxin@cmcm.com,第三方软件-拳皇,100.36,224,2.2319649262654444,1605.0,7.165178571428571
2020-12-30,liubaoxin@cmcm.com,第三方软件-极点五笔输入法,43.51,93,2.1374396690415995,494.0,5.311827956989247
2020-12-30,liubaoxin@cmcm.com,第三方软件-EV录屏,1.47,3,2.0408163265306123,13.0,4.333333333333333
2020-12-30,liubaoxin@cmcm.com,第三方软件-whatsapp,1.8,4,2.2222222222222223,14.0,3.5
2020-12-30,liubaoxin@cmcm.com,第三方软件-光影魔术手,145.01,267,1.841252327425695,1490.0,5.580524344569288
2020-12-30,liubaoxin@cmcm.com,第三方软件-暴风影音,340.91,738,2.1647942272153937,3677.0,4.982384823848238
2020-12-30,liubaoxin@cmcm.com,第三方软件-rar解压软件,740.16,1417,1.9144509295287506,18594.0,13.122088920254058
2020-12-30,liubaoxin@cmcm.com,第三方软件-WPS2019,17.1,38,2.222222222222222,153.0,4.026315789473684
2020-12-30,liubaoxin@cmcm.com,第三方软件-WPS-word,512.43,1139,2.222742618503991,9673.0,8.492537313432836
2020-12-30,liubaoxin@cmcm.com,第三方软件-酷狗音乐,726.13,1493,2.056105656012009,21978.0,14.720696584058942
2020-12-30,liubaoxin@cmcm.com,第三方软件-拼音输入法,109.59,245,2.2356054384524136,5138.0,20.97142857142857
2020-12-30,liubaoxin@cmcm.com,第三方软件-Microsoft Visio,31.5,70,2.2222222222222223,1720.0,24.571428571428573
2020-12-30,liubaoxin@cmcm.com,第三方软件-Everything,17.1,38,2.222222222222222,1194.0,31.42105263157895
2020-12-30,liubaoxin@cmcm.com,第三方软件-猿辅导,48.74,106,2.1748050882232253,591.0,5.5754716981132075
2020-12-30,liubaoxin@cmcm.com,第三方软件-完美解码,5.85,13,2.2222222222222223,426.0,32.76923076923077
2020-12-30,liubaoxin@cmcm.com,第三方软件-QQ五笔,9.45,21,2.2222222222222223,327.0,15.571428571428571
2020-12-30,liubaoxin@cmcm.com,第三方软件-itunes,5.4,12,2.222222222222222,751.0,62.583333333333336
2020-12-30,liubaoxin@cmcm.com,第三方软件-PDF-竞品,4.95,11,2.2222222222222223,768.0,69.81818181818181
2020-12-30,liubaoxin@cmcm.com,第三方软件-cad快速看图,190.29,363,1.9076146933627622,3008.0,8.286501377410469
2020-12-30,liubaoxin@cmcm.com,第三方软件-WIFI共享大师,55.11,116,2.1048811467973145,2278.0,19.637931034482758
2020-12-30,liubaoxin@cmcm.com,第三方软件-快剪辑,157.05,349,2.222222222222222,879.0,2.518624641833811
2020-12-30,liubaoxin@cmcm.com,第三方软件-逍遥笔手写输入法,31.04,58,1.8685567010309279,536.0,9.241379310344827
2020-12-30,liubaoxin@cmcm.com,第三方软件-瞩目,53.1,118,2.2222222222222223,1749.0,14.822033898305085
2020-12-30,liubaoxin@cmcm.com,第三方软件-火狐浏览器,798.53,1474,1.845891826230699,7815.0,5.301899592944369
2020-12-30,liubaoxin@cmcm.com,第三方软件-welink,3.33,7,2.1021021021021022,45.0,6.428571428571429
2020-12-30,liubaoxin@cmcm.com,第三方软件-桌面日历,4.95,11,2.2222222222222223,77.0,7.0
2020-12-30,nytls6317jfn35@163.com,第三方软件-极光PDF转换器,28165.0,144,0.005112728563820344,99.98,0.6943055555555556
2020-12-30,nytls6317jfn35@163.com,第三方软件-极光PDF阅读器,169870.0,5063,0.02980514511096721,6137.85,1.2122950819672131
2020-12-30,rj@l1.pingsheme.com,第三方软件-网易云音乐,254.52,566,2.223793807952224,34218.0,60.45583038869258
2020-12-30,rj@l1.pingsheme.com,第三方软件-火狐浏览器,2.7,6,2.222222222222222,1447.0,241.16666666666666
2020-12-30,rj@l1.pingsheme.com,第三方软件-拼音输入法,4.5,10,2.2222222222222223,266.0,26.6
2020-12-30,rj@l1.pingsheme.com,第三方软件-QQ,70.51,157,2.2266345199262516,7026.0,44.7515923566879
2020-12-30,rj@l1.pingsheme.com,第三方软件-雷电模拟器,104.76,233,2.224131347842688,4503.0,19.326180257510728
2020-12-30,rj@l1.pingsheme.com,第三方软件-WPS,1532.32,2936,1.916048867077373,29107.0,9.913828337874659
2020-12-30,rj@l1.pingsheme.com,第三方软件-万能五笔,13.44,30,2.232142857142857,1054.0,35.13333333333333
2020-12-30,rj@l1.pingsheme.com,第三方软件-小鱼易连,10.34,22,2.127659574468085,705.0,32.04545454545455
2020-12-30,rj@l1.pingsheme.com,第三方软件-钉钉电脑版,165.4,307,1.8561064087061667,11587.0,37.74267100977199
2020-12-30,rj@l1.pingsheme.com,第三方软件-腾讯视频,10.8,24,2.222222222222222,4753.0,198.04166666666666
2020-12-30,rj@l1.pingsheme.com,第三方软件-千牛,40.95,91,2.222222222222222,3989.0,43.83516483516483
2020-12-30,rj@l1.pingsheme.com,第三方软件-暴风影音,58.9,132,2.2410865874363326,2139.0,16.204545454545453
2020-12-30,rj@l1.pingsheme.com,第三方软件-新微信PC版,0.9,2,2.2222222222222223,8.0,4.0
2020-12-30,rj@l1.pingsheme.com,第三方软件-FlashPlayer,89.98,200,2.222716159146477,4211.0,21.055
2020-12-30,rj@l1.pingsheme.com,第三方软件-谷歌浏览器,111.89,238,2.127089105371347,19614.0,82.41176470588235
2020-12-30,rj@l1.pingsheme.com,第三方软件-WPS-excel,317.52,707,2.22663139329806,5378.0,7.606789250353607
2020-12-30,rj@l1.pingsheme.com,第三方软件-cad快速看图,0.9,2,2.2222222222222223,56.0,28.0
2020-12-30,uwhqai05cg74@163.com,第三方软件-QQ,39009.0,183,0.004691225101899562,62.11,0.33939890710382514
2020-12-30,uwhqai05cg74@163.com,第三方软件-微师客户端,1780.0,136,0.07640449438202247,45.89,0.33742647058823527
2020-12-30,uwhqai05cg74@163.com,第三方软件-QQ影音,14540.0,200,0.013755158184319119,62.13,0.31065000000000004
2020-12-30,uwhqai05cg74@163.com,第三方软件-千牛,10486.0,262,0.024985695212664506,102.82,0.392442748091603
2020-12-30,uwhqai05cg74@163.com,第三方软件-暴风影音,11578.0,433,0.03739851442390741,137.18,0.3168129330254042
2020-12-30,uwhqai05cg74@163.com,第三方软件-万能五笔,1843.0,48,0.026044492674986434,19.38,0.40375
2020-12-30,uwhqai05cg74@163.com,公司软件-猎豹免费WIFI,1962.0,52,0.026503567787971458,18.27,0.35134615384615386
2020-12-30,uwhqai05cg74@163.com,第三方软件-EV录屏,6713.0,10,0.0014896469536719798,3.02,0.302
2020-12-30,uwhqai05cg74@163.com,第三方软件-whatsapp,237.0,3,0.012658227848101266,0.9,0.3
2020-12-30,uwhqai05cg74@163.com,第三方软件-photoshopcs6,15195.0,12,0.0007897334649555774,4.47,0.3725
2020-12-30,uwhqai05cg74@163.com,第三方软件-钉钉电脑版,21147.0,30,0.0014186409419775854,11.11,0.3703333333333333
2020-12-30,uwhqai05cg74@163.com,第三方软件-芒果TV,3849.0,48,0.012470771628994544,15.21,0.316875
2020-12-30,uwhqai05cg74@163.com,第三方软件-网易云音乐,48508.0,466,0.009606662818504164,139.8,0.30000000000000004
2020-12-30,uwhqai05cg74@163.com,第三方软件-Rar解压软件,12377.0,477,0.038539225983679405,155.68,0.32637316561844865
2020-12-30,uwhqai05cg74@163.com,第三方软件-WPS-word,23966.0,1765,0.07364599849787198,581.65,0.3295467422096317
2020-12-30,uwhqai05cg74@163.com,公司软件-C盘瘦身,25212.0,1326,0.05259400285578296,487.71,0.36780542986425335
2020-12-30,uwhqai05cg74@163.com,第三方软件-金山打字通,37404.0,1838,0.04913912950486579,624.71,0.33988574537540805
2020-12-30,uwhqai05cg74@163.com,第三方软件-WPS-excel,34909.0,2090,0.05986994757798848,751.36,0.3595023923444976
2020-12-30,uwhqai05cg74@163.com,第三方软件-搜狗输入法,46230.0,2083,0.045057322085226045,928.26,0.4456361017762842
2020-12-30,uwhqai05cg74@163.com,第三方软件-我的世界,26675.0,948,0.035538894095595124,290.68,0.3066244725738397
2020-12-30,uwhqai05cg74@163.com,第三方软件-FlashPlayer,20724.0,800,0.038602586373287014,286.45,0.3580625
2020-12-30,uwhqai05cg74@163.com,第三方软件-美图秀秀,52042.0,545,0.010472310825871411,205.64,0.37732110091743115
2020-12-30,uwhqai05cg74@163.com,第三方软件-极品五笔输入法,4809.0,418,0.08692035766271575,165.9,0.39688995215311007
2020-12-30,uwhqai05cg74@163.com,第三方软件-阿里旺旺,4220.0,651,0.1542654028436019,236.74,0.3636559139784946
2020-12-30,uwhqai05cg74@163.com,第三方软件-驱动精灵,19033.0,679,0.03567488047076131,242.76,0.35752577319587625
2020-12-30,uwhqai05cg74@163.com,第三方软件-微信,76160.0,871,0.011436449579831932,261.97,0.3007692307692308
2020-12-30,uwhqai05cg74@163.com,第三方软件-WPS,171232.0,4596,0.026840777424780415,1933.57,0.420707136640557
2020-12-30,北京猎豹移动,第三方软件-小鱼易连,2122.0,132,0.06220546654099906,39.45,0.2988636363636364
2020-12-30,北京猎豹移动,第三方软件-Rar解压软件,3637.0,111,0.03051965905966456,40.32,0.36324324324324325
2020-12-30,北京猎豹移动,第三方软件-QQ影音,6572.0,111,0.016889835666463786,34.97,0.31504504504504505
2020-12-30,北京猎豹移动,第三方软件-photoshopcs6,19888.0,74,0.0037208366854384555,28.05,0.37905405405405407
2020-12-30,北京猎豹移动,第三方软件-芒果TV,2518.0,86,0.03415409054805401,27.6,0.32093023255813957
2020-12-30,北京猎豹移动,第三方软件-全民K歌,2786.0,165,0.059224694903086864,50.11,0.3036969696969697
2020-12-30,北京猎豹移动,第三方软件-QQ拼音,8219.0,152,0.018493734030904003,51.49,0.33875
2020-12-30,北京猎豹移动,第三方软件-荒野行动,2099.0,255,0.12148642210576464,76.67,0.3006666666666667
2020-12-30,北京猎豹移动,第三方软件-万能五笔,6788.0,135,0.019888037713612257,73.76,0.5463703703703704
2020-12-30,北京猎豹移动,第三方软件-cctalk,1405.0,158,0.11245551601423487,59.78,0.37835443037974686
2020-12-30,北京猎豹移动,第三方软件-瞩目,1457.0,164,0.11256005490734386,57.95,0.3533536585365854
2020-12-30,北京猎豹移动,第三方软件-极点五笔输入法,8510.0,78,0.009165687426556992,23.8,0.30512820512820515
2020-12-30,北京猎豹移动,第三方软件-暴风影音,1719.0,71,0.04130308318789994,21.38,0.3011267605633803
2020-12-30,北京猎豹移动,第三方软件-王者荣耀PC版,3323.0,23,0.006921456515197111,6.9,0.3
2020-12-30,北京猎豹移动,第三方软件-Visio,2052.0,22,0.010721247563352826,6.6,0.3
2020-12-30,北京猎豹移动,第三方软件-优酷客户端,886.0,14,0.01580135440180587,4.21,0.3007142857142857
2020-12-30,北京猎豹移动,第三方软件-陌陌电脑版,405.0,14,0.0345679012345679,4.2,0.3
2020-12-30,北京猎豹移动,第三方软件-EV录屏,5171.0,22,0.0042544962289692515,7.36,0.33454545454545453
2020-12-30,北京猎豹移动,第三方软件-网易邮箱大师,480.0,44,0.09166666666666666,13.12,0.29818181818181816
2020-12-30,北京猎豹移动,公司软件-猎豹免费WIFI,800.0,58,0.0725,19.17,0.3305172413793104
2020-12-30,北京猎豹移动,第三方软件-微师客户端,680.0,54,0.07941176470588235,16.24,0.3007407407407407
2020-12-30,北京猎豹移动,第三方软件-whatsapp,789.0,53,0.06717363751584284,15.85,0.2990566037735849
2020-12-30,北京猎豹移动,第三方软件-QQ五笔,1274.0,45,0.03532182103610675,14.22,0.316
2020-12-30,北京猎豹移动,第三方软件-zoom视频会议,1418.0,210,0.14809590973201692,80.97,0.38557142857142856
2020-12-30,北京猎豹移动,第三方软件-逍遥笔手写输入法,4659.0,241,0.051727838591972525,84.71,0.3514937759336099
2020-12-30,北京猎豹移动,第三方软件-极品五笔输入法,10866.0,1058,0.0973679366832321,494.0,0.4669187145557656
2020-12-30,北京猎豹移动,第三方软件-千牛,14456.0,769,0.053195904814609854,383.36,0.49851755526658
2020-12-30,北京猎豹移动,第三方软件-美图秀秀,28937.0,616,0.021287624840170025,224.41,0.36430194805194804
2020-12-30,北京猎豹移动,第三方软件-雷电模拟器,21615.0,660,0.030534351145038167,221.03,0.3348939393939394
2020-12-30,北京猎豹移动,第三方软件-FlashPlayer,31879.0,1330,0.041720254713134036,595.3,0.447593984962406
2020-12-30,北京猎豹移动,第三方软件-WPS-excel,41567.0,2216,0.053311521158611395,920.07,0.41519404332129967
2020-12-30,北京猎豹移动,第三方软件-驱动精灵,59823.0,4923,0.08229276365277569,1929.29,0.3918931545805403
2020-12-30,北京猎豹移动,第三方软件-搜狗输入法,46939.0,3395,0.07232791495345023,1733.59,0.5106303387334314
2020-12-30,北京猎豹移动,第三方软件-WPS-word,47087.0,3216,0.06829910591033618,1207.01,0.37531405472636814
2020-12-30,北京猎豹移动,第三方软件-向日葵,36030.0,2749,0.07629752983624757,961.81,0.3498763186613314
2020-12-30,北京猎豹移动,第三方软件-搜狗五笔,38892.0,597,0.015350200555384141,212.52,0.35597989949748743
2020-12-30,北京猎豹移动,第三方软件-cad快速看图,10840.0,394,0.03634686346863469,203.02,0.5152791878172589
2020-12-30,北京猎豹移动,第三方软件-QQ,26340.0,347,0.013173880030372058,122.52,0.3530835734870317
2020-12-30,北京猎豹移动,第三方软件-酷我音乐,7353.0,335,0.045559635522915816,100.25,0.2992537313432836
2020-12-30,北京猎豹移动,第三方软件-微信,18847.0,257,0.013636122459807927,98.2,0.3821011673151751
2020-12-30,北京猎豹移动,第三方软件-腾讯会议,8116.0,275,0.0338836865450961,96.35,0.3503636363636363
2020-12-30,北京猎豹移动,第三方软件-钉钉电脑版,17777.0,326,0.018338302300725657,123.0,0.3773006134969325
2020-12-30,北京猎豹移动,第三方软件-香肠派对,4274.0,468,0.10949929808142256,141.52,0.30239316239316244
2020-12-30,北京猎豹移动,第三方软件-光影魔术手,8404.0,506,0.060209424083769635,183.9,0.3634387351778656
2020-12-30,北京猎豹移动,第三方软件-阿里旺旺,4893.0,348,0.07112201103617413,168.21,0.48336206896551726
2020-12-30,北京猎豹移动,第三方软件-CAJViewer,3897.0,388,0.09956376700025661,160.53,0.4137371134020619
2020-12-30,北京猎豹移动,第三方软件-teamviewer,5438.0,456,0.0838543582199338,149.75,0.32839912280701755
2020-12-30,北京猎豹移动,第三方软件-WPS,90814.0,6308,0.06946065584601493,3073.38,0.4872194039315155
baidu-04海鸟B20KA02280,2020-12-30,行业定投-金山打字通,128778582.0,8946,6.94680735030923e-05,1345.0,0.1503465235859602
baidu-04海鸟B20KA02280,2020-12-30,第三方游戏-第五人格,128778586.0,973,7.555604003914129e-06,77.0,0.07913669064748201
baidu-04海鸟B20KA02280,2020-12-30,第三方软件-香肠派对,128778588.0,410,3.1837590888944987e-06,15.0,0.036585365853658534
baidu-04海鸟B20KA02280,2020-12-30,第三方软件-优酷客户端,128778590.0,7497,5.821619882621793e-05,173.0,0.023075897025476858
baidu-04海鸟B20KA02280,2020-12-30,第三方软件-钉钉电脑版,128778593.0,4089,3.175217172934946e-05,20.0,0.004891171435558816
baidu-04海鸟B20KA02280,2020-12-30,第三方软件-谷歌浏览器,128778594.0,181296,0.001407811611920534,12719.0,0.07015598799752891
baidu-04海鸟B20KA02280,2020-12-30,第三方软件-steam,128778597.0,1442,1.1197512891059064e-05,0.0,0.0
baidu-04海鸟B20KA02280,2020-12-30,第三方软件-QQ,128778600.0,26303,0.00020424977441904169,287.0,0.010911302893206099
baidu-04海鸟B20KA02280,2020-12-30,第三方软件-QQ影音,128778602.0,7724,5.997890860781359e-05,633.0,0.08195235629207664
baidu-04海鸟B20KA02280,2020-12-30,第三方软件-QQ五笔,128778603.0,1566,1.2160405249931156e-05,180.0,0.11494252873563218
baidu-04海鸟B20KA02280,2020-12-30,第三方软件-cad快速看图,128778605.0,9362,7.269841135489859e-05,131.0,0.013992736594744712
baidu-04海鸟B20KA02280,2020-12-30,第三方软件-IE浏览器,128778607.0,13033,0.00010120469776474597,195.0,0.014962019488989488
baidu-04海鸟B20KA02280,2020-12-30,第三方软件-输入法-搜狗,128778609.0,63147,0.0004903531765900655,941.0,0.014901737216336485
baidu-04海鸟B20KA02280,2020-12-30,第三方软件-千牛,128778615.0,10852,8.42686497288389e-05,284.0,0.026170291190563952
baidu-04海鸟B20KA02280,2020-12-30,第三方软件-酷我音乐,128778616.0,21114,0.0001639557921635064,615.0,0.02912759306621199
baidu-04海鸟B20KA02280,2020-12-30,行业定投-拼音输入法,129326831.0,28108,0.00021734082388518436,1155.0,0.04109150419809307
baidu-04海鸟B20KA02280,2020-12-30,第三方软件-WPS,131274891.0,10883,8.290237315832165e-05,197.0,0.01810162638978223
baidu-04海鸟B20KA02280,2020-12-30,第三方软件-微信,136207191.0,124130,0.0009113322071226034,5153.0,0.04151292999274954
baidu-04海鸟B20KA02280,2020-12-30,第三方软件-驱动精灵,142279757.0,47644,0.00033486140969442334,6156.0,0.12920829485349677
baidu-4重庆天极B20KA03223,2020-12-30,公司软件-桌面壁纸4,129899372.0,153441,0.0011812297291167813,7256.0,0.04728853435522448
baidu-4重庆天极B20KA03223,2020-12-30,公司软件-电脑壁纸3,130082123.0,115266,0.0008861017743383539,2927.0,0.025393437787378757
baidu-4重庆天极B20KA03223,2020-12-30,公司软件-高清壁纸5,130082124.0,102208,0.0007857190277735625,3691.0,0.03611263306199124
baidu-4重庆天极B20KA03223,2020-12-30,公司软件-动态桌面8,130507724.0,4086,3.130849174873358e-05,325.0,0.07953989231522271
baidu-4重庆天极B20KA03223,2020-12-30,公司软件-电脑桌面壁纸10,130507725.0,52513,0.00040237464870374534,1229.0,0.02340372860053701
baidu-4重庆天极B20KA03223,2020-12-30,公司软件-电脑桌面9,130507726.0,67816,0.000519632071437671,1529.0,0.0225463017576973
baidu-4重庆天极B20KA03223,2020-12-30,公司软件-壁纸软件7,130507727.0,21392,0.00016391366620000975,2153.0,0.10064510097232611
baidu-4重庆天极B20KA03223,2020-12-30,公司软件-壁纸-可爱,131435942.0,8073,6.14215554524652e-05,509.0,0.06304967174532392
baidu-4重庆天极B20KA03223,2020-12-30,公司软件-壁纸-动漫,131435943.0,39685,0.00030193415206067337,800.0,0.020158750157490236
baidu-4重庆天极B20KA03223,2020-12-30,公司软件-壁纸-英雄联盟,131435944.0,7991,6.0797676471209426e-05,478.0,0.0598172944562633
baidu-4重庆天极B20KA03223,2020-12-30,公司软件-壁纸-美女,131584460.0,12564,9.548239966938345e-05,779.0,0.062002546959567015
baidu-4重庆天极B20KA03223,2020-12-30,公司软件-壁纸-风景,131584461.0,8033,6.104824185889244e-05,260.0,0.03236648823602639
baidu-4重庆天极B20KA03223,2020-12-30,公司软件-壁纸-明星,131585678.0,32265,0.0002452014572588971,957.0,0.029660622966062297
baidu-4重庆天极B20KA03223,2020-12-30,公司软件-壁纸-萌宠,131585679.0,2187,1.66203496962614e-05,95.0,0.04343850022862369
baidu-4重庆天极B20KA03223,2020-12-30,壁纸-皮卡丘,131764520.0,555,4.212059513441099e-06,49.0,0.08828828828828829
baidu-4重庆天极B20KA03223,2020-12-30,壁纸-汽车,131764521.0,7033,5.3375521321099784e-05,220.0,0.03128110336982795
baidu-4重庆天极B20KA03223,2020-12-30,壁纸-美食,131764522.0,130,9.86608519704568e-07,7.0,0.05384615384615385
baidu-4重庆天极B20KA03223,2020-12-30,壁纸-神奇宝贝,131764527.0,562,4.265184361797163e-06,16.0,0.028469750889679714
baidu-4重庆天极B20KA03223,2020-12-30,壁纸-火影,131764529.0,7558,5.735989842911365e-05,386.0,0.051071712093146336
baidu-4重庆天极B20KA03223,2020-12-30,壁纸-海贼王,131764531.0,9330,7.080812969311142e-05,638.0,0.06838156484458735
baidu-4重庆天极B20KA03223,2020-12-30,壁纸-蜡笔小新,131764533.0,1489,1.1300461255381978e-05,111.0,0.0745466756212223
baidu-4重庆天极B20KA03223,2020-12-30,壁纸-柯南,131764535.0,1002,7.604474147766696e-06,64.0,0.06387225548902195
baidu-4重庆天极B20KA03223,2020-12-30,壁纸-初音未来,131764536.0,653,4.955809960883557e-06,30.0,0.045941807044410414
baidu-4重庆天极B20KA03223,2020-12-30,壁纸-刀剑神域,131764537.0,309,2.3450922914107003e-06,12.0,0.038834951456310676
baidu-4重庆天极B20KA03223,2020-12-30,壁纸-奥特曼,131764538.0,2543,1.9299578161158962e-05,221.0,0.086905230043256
baidu-4重庆天极B20KA03223,2020-12-30,壁纸-变形金刚,131764539.0,546,4.143755248140017e-06,17.0,0.031135531135531136
baidu-4重庆天极B20KA03223,2020-12-30,壁纸-二次元动漫,131764540.0,30212,0.0002292877886569482,830.0,0.027472527472527472
baidu-4重庆天极B20KA03223,2020-12-30,壁纸-动物,131764542.0,1311,9.949565946201216e-06,28.0,0.02135774218154081
baidu-4重庆天极B20KA03223,2020-12-30,壁纸-哆啦a梦,131764543.0,2360,1.7910736426263018e-05,149.0,0.06313559322033899
baidu-4重庆天极B20KA03223,2020-12-30,壁纸-阿狸,131764544.0,595,4.515630547774673e-06,38.0,0.06386554621848739
baidu-4重庆天极B20KA03223,2020-12-30,壁纸-CF,131824971.0,246,1.866110784124504e-06,11.0,0.044715447154471545
baidu-4重庆天极B20KA03223,2020-12-30,壁纸-花,131824972.0,286,2.169543415491869e-06,12.0,0.04195804195804196
baidu-4重庆天极B20KA03223,2020-12-30,壁纸-大海,131824974.0,577,4.377015845267681e-06,19.0,0.03292894280762565
baidu-4重庆天极B20KA03223,2020-12-30,壁纸-城市,131824975.0,608,4.6121761069933825e-06,3.0,0.004934210526315789
baidu-4重庆天极B20KA03223,2020-12-30,壁纸-星空,131824976.0,5079,3.8528358996249694e-05,242.0,0.047647174640677296
baidu-4重庆天极B20KA03223,2020-12-30,壁纸-我的世界,131824977.0,583,4.422530640760135e-06,16.0,0.0274442538593482
baidu-4重庆天极B20KA03223,2020-12-30,壁纸-田园,131824978.0,245,1.8585248692398795e-06,0.0,0.0
baidu-4重庆天极B20KA03223,2020-12-30,壁纸-游戏,131824980.0,3225,2.4464255560668397e-05,35.0,0.010852713178294573
baidu-4重庆天极B20KA03223,2020-12-30,壁纸-王者,131829999.0,5339,4.049912797162351e-05,165.0,0.030904663794718113
baidu-4重庆天极B20KA03223,2020-12-30,壁纸-足球,131850520.0,718,5.44556062425844e-06,23.0,0.03203342618384401
baidu-4重庆天极B20KA03223,2020-12-30,壁纸-篮球,131850521.0,3694,2.8016574921232204e-05,108.0,0.029236599891716297
baidu-4重庆天极B20KA03223,2020-12-30,壁纸-插画,131897712.0,2160,1.637632652793856e-05,19.0,0.008796296296296297
baidu-4重庆天极B20KA03223,2020-12-30,壁纸-少女,131898445.0,287,2.1759164787727406e-06,5.0,0.017421602787456445
baidu-4重庆天极B20KA03223,2020-12-30,壁纸-唯美,131900123.0,820,6.2168251351820195e-06,49.0,0.05975609756097561
baidu-4重庆天极B20KA03223,2020-12-30,壁纸-fate,131900124.0,966,7.323723213482346e-06,59.0,0.061076604554865424
baidu-4重庆天极B20KA03223,2020-12-30,壁纸-碧蓝航线,131900125.0,315,2.3881705949861684e-06,18.0,0.05714285714285714
baidu-4重庆天极B20KA03223,2020-12-30,壁纸-4K,131902866.0,18328,0.00013895073364061702,1253.0,0.06836534264513312
baidu-4重庆天极B20KA03223,2020-12-30,壁纸-小清新,131903587.0,3327,2.522296834884407e-05,307.0,0.09227532311391644
baidu-4重庆天极B20KA03223,2020-12-30,壁纸-宇宙,131911678.0,2203,1.670056839091987e-05,22.0,0.009986382206082615
baidu-4重庆天极B20KA03223,2020-12-30,壁纸-鬼刀,131924180.0,4320,3.274608187824249e-05,271.0,0.06273148148148149
baidu-4重庆天极B20KA03223,2020-12-30,壁纸-天气之子,131929899.0,247,1.872206390455889e-06,38.0,0.15384615384615385
baidu-4重庆天极B20KA03223,2020-12-30,壁纸-你的名字,131932303.0,1858,1.408298011746221e-05,69.0,0.03713670613562971
baidu-4重庆天极B20KA03223,2020-12-30,壁纸-壁纸少女心,131934713.0,1873,1.4196415464973195e-05,122.0,0.06513614522156967
baidu-4重庆天极B20KA03223,2020-12-30,壁纸-守望先锋,131953638.0,855,6.479548521428413e-06,57.0,0.06666666666666667
baidu-4重庆天极B20KA03223,2020-12-30,壁纸-鬼灭之刃,131953639.0,3694,2.7994680768144635e-05,268.0,0.07255008121277748
baidu-4重庆天极B20KA03223,2020-12-30,壁纸-崩坏3,131953640.0,672,5.092697708073836e-06,15.0,0.022321428571428572
baidu-4重庆天极B20KA03223,2020-12-30,壁纸-绿色护眼,132056514.0,6924,5.2432097367040905e-05,480.0,0.06932409012131716
baidu-4重庆天极B20KA03223,2020-12-30,壁纸-男生壁纸,132057526.0,167,1.2646003984657414e-06,8.0,0.04790419161676647
baidu-4重庆天极B20KA03223,2020-12-30,壁纸-简约,132058468.0,4567,3.4583166601629815e-05,693.0,0.15174074885044886
baidu-4重庆天极B20KA03223,2020-12-30,壁纸-win壁纸,132100719.0,50859,0.0003850016895063228,830.0,0.016319628777600816
baidu-4重庆天极B20KA03223,2020-12-30,壁纸-JOJO,132141870.0,351,2.6562360590174786e-06,27.0,0.07692307692307693
baidu-4重庆天极B20KA03223,2020-12-30,壁纸-刺客伍六七,132144055.0,1258,9.519913703268755e-06,45.0,0.03577106518282989
baidu-4重庆天极B20KA03223,2020-12-30,壁纸-明日方舟,132144056.0,693,5.244276745977889e-06,7.0,0.010101010101010102
baidu-4重庆天极B20KA03223,2020-12-30,壁纸-漫威,132151695.0,3053,2.31022386810854e-05,159.0,0.052079921388797905
baidu-4重庆天极B20KA03223,2020-12-30,壁纸-古风壁纸,132152007.0,1244,9.413402249728981e-06,32.0,0.02572347266881029
baidu-4重庆天极B20KA03223,2020-12-30,壁纸-魔法少女小圆,132152008.0,71,5.372600921811191e-07,0.0,0.0
baidu-4重庆天极B20KA03223,2020-12-30,壁纸-尼尔机械纪元,132152009.0,198,1.498274611928147e-06,9.0,0.045454545454545456
baidu-4重庆天极B20KA03223,2020-12-30,壁纸-星球大战,132152010.0,139,1.0518190377883771e-06,6.0,0.04316546762589928
baidu-4重庆天极B20KA03223,2020-12-30,壁纸-海洋,132153626.0,961,7.27183982072501e-06,44.0,0.045785639958376693
baidu-4重庆天极B20KA03223,2020-12-30,壁纸-科幻,132153627.0,2443,1.8486060923624895e-05,32.0,0.013098649201801064
baidu-4重庆天极B20KA03223,2020-12-30,壁纸-蕾姆壁纸,132153628.0,231,1.7479656328466443e-06,17.0,0.0735930735930736
baidu-4重庆天极B20KA03223,2020-12-30,壁纸-竞品软件,132342399.0,24349,0.00018398487698564387,3258.0,0.1338042630087478
baidu-4重庆天极B20KA03223,2020-12-30,壁纸-紫罗兰永恒花园,132353116.0,268,2.0248862142391873e-06,13.0,0.048507462686567165
baidu-4重庆天极B20KA03223,2020-12-30,壁纸-蜘蛛侠壁纸,132353117.0,253,1.911553016163571e-06,4.0,0.015810276679841896
baidu-4重庆天极B20KA03223,2020-12-30,壁纸-七龙珠壁纸,132353118.0,616,4.654216004189641e-06,67.0,0.10876623376623376
baidu-4重庆天极B20KA03223,2020-12-30,壁纸-龙猫壁纸,132353119.0,3072,2.3210635481888418e-05,127.0,0.041341145833333336
baidu-4重庆天极B20KA03223,2020-12-30,壁纸-塞尔达传说,132367128.0,256,1.934014916452671e-06,13.0,0.05078125
baidu-4重庆天极B20KA03223,2020-12-30,壁纸-路人女主养成方法,132367129.0,529,3.996460480758784e-06,14.0,0.026465028355387523
baidu-4重庆天极B20KA03223,2020-12-30,壁纸-进击的巨人,132367130.0,1068,8.068468357665532e-06,51.0,0.047752808988764044
baidu-4重庆天极B20KA03223,2020-12-30,壁纸-小黄人,132371900.0,548,4.139851433725738e-06,39.0,0.07116788321167883
baidu-4重庆天极B20KA03223,2020-12-30,壁纸-搞怪搞笑,132371901.0,497,3.7545732609823287e-06,34.0,0.06841046277665996
baidu-4重庆天极B20KA03223,2020-12-30,壁纸-高达壁纸,132377557.0,3997,3.0193939898739785e-05,99.0,0.024768576432324243
baidu-4重庆天极B20KA03223,2020-12-30,壁纸-02壁纸,132377559.0,1045,7.894087244802573e-06,154.0,0.14736842105263157
baidu-4重庆天极B20KA03223,2020-12-30,壁纸-洛天依壁纸,132377561.0,122,9.216063438425187e-07,9.0,0.07377049180327869
baidu-4重庆天极B20KA03223,2020-12-30,壁纸-夏目友人帐,132407137.0,1012,7.643092532089112e-06,33.0,0.03260869565217391
baidu-4重庆天极B20KA03223,2020-12-30,壁纸-黑色壁纸,132407140.0,2826,2.134325988764654e-05,149.0,0.05272469922151451
baidu-4重庆天极B20KA03223,2020-12-30,壁纸-梅西壁纸,132407142.0,178,1.3443383590290017e-06,4.0,0.02247191011235955
baidu-4重庆天极B20KA03223,2020-12-30,壁纸-欧美壁纸,132407143.0,202,1.5255974520951639e-06,2.0,0.009900990099009901
baidu-4重庆天极B20KA03223,2020-12-30,壁纸-詹姆斯壁纸,132407144.0,988,7.461833026169645e-06,29.0,0.029352226720647773
baidu-4重庆天极B20KA03223,2020-12-30,壁纸-C罗壁纸,132425478.0,381,2.8770898603061868e-06,10.0,0.026246719160104987
baidu-4重庆天极B20KA03223,2020-12-30,壁纸-DNF壁纸,132425479.0,1096,8.27635292147971e-06,66.0,0.060218978102189784
baidu-4重庆天极B20KA03223,2020-12-30,壁纸-哪吒壁纸,132425480.0,49,3.700194252646847e-07,3.0,0.061224489795918366
baidu-4重庆天极B20KA03223,2020-12-30,壁纸-乔丹壁纸,132425481.0,126,9.514785149241784e-07,4.0,0.031746031746031744
baidu-4重庆天极B20KA03223,2020-12-30,壁纸-天行九歌壁纸,132425482.0,442,3.337726193815175e-06,49.0,0.11085972850678733
baidu-4重庆天极B20KA03223,2020-12-30,壁纸-温馨壁纸,132425483.0,283,2.1370509179113206e-06,4.0,0.014134275618374558
baidu-4重庆天极B20KA03223,2020-12-30,壁纸-斗罗大陆,132425485.0,2933,2.214830476173072e-05,74.0,0.02523013978861234
baidu-4重庆天极B20KA03223,2020-12-30,壁纸-行业词,132517086.0,693158,0.005230706627521224,16268.0,0.02346939658779095
baidu-4重庆天极B20KA03223,2020-12-30,行业定投-壁纸,132678735.0,55654,0.0004194643550076054,4933.0,0.0886369353505588
baidu-4重庆天极B20KA03223,2020-12-30,壁纸-ins风,133003619.0,7872,5.9186359432821145e-05,728.0,0.09247967479674797
baidu-4重庆天极B20KA03223,2020-12-30,壁纸-EVA,133160383.0,759,5.699893488591123e-06,42.0,0.05533596837944664
baidu-4重庆天极B20KA03223,2020-12-30,壁纸-最终幻想,133160384.0,225,1.689691732940632e-06,8.0,0.035555555555555556
baidu-4重庆天极B20KA03223,2020-12-30,壁纸-千与千寻,133160385.0,728,5.467091432635915e-06,35.0,0.04807692307692308
baidu-4重庆天极B20KA03223,2020-12-30,壁纸-魔兽世界,133160386.0,1600,1.2015585475998845e-05,80.0,0.05
baidu-4重庆天极B20KA03223,2020-12-30,壁纸-布朗熊,133269925.0,612,4.592183870441887e-06,31.0,0.05065359477124183
baidu-4重庆天极B20KA03223,2020-12-30,壁纸-魔道祖师,133269929.0,561,4.209501754893258e-06,10.0,0.017825311942959002
baidu-4重庆天极B20KA03223,2020-12-30,壁纸-百变小樱,133358221.0,282,2.1146052930625103e-06,8.0,0.028368794326241134
baidu-4重庆天极B20KA03223,2020-12-30,壁纸-日系,133740015.0,157,1.1739194137222132e-06,6.0,0.03821656050955414
baidu-4重庆天极B20KA03223,2020-12-30,壁纸-桌面整理,133922163.0,12967,9.682489969938732e-05,526.0,0.04056450990977096
baidu-4重庆天极B20KA03223,2020-12-30,壁纸-只狼壁纸,133922827.0,256,1.9115486563018865e-06,12.0,0.046875
baidu-4重庆天极B20KA03223,2020-12-30,壁纸-美少女战士,134212266.0,2094,1.5602150700592448e-05,50.0,0.02387774594078319
baidu-4重庆天极B20KA03223,2020-12-30,壁纸-灌篮高手,134212267.0,834,6.214037052216695e-06,45.0,0.0539568345323741
baidu-4重庆天极B20KA03223,2020-12-30,壁纸-锁屏壁纸,134442899.0,10299,7.66050128091927e-05,301.0,0.029226138460044664
baidu-4重庆天极B20KA03223,2020-12-30,壁纸-假面骑士,134746341.0,687,5.0984686849493e-06,39.0,0.056768558951965066
baidu-4重庆天极B20KA03223,2020-12-30,壁纸-音乐壁纸,134746343.0,351,2.6048944422929533e-06,9.0,0.02564102564102564
baidu-4重庆天极B20KA03223,2020-12-30,壁纸-粉色壁纸,135214862.0,1804,1.3341728662933517e-05,84.0,0.04656319290465632
baidu-4重庆天极B20KA03223,2020-12-30,壁纸-电影壁纸,135214863.0,77,5.694640240843938e-07,3.0,0.03896103896103896
baidu-4重庆天极B20KA03223,2020-12-30,壁纸-KDA壁纸,135289321.0,1341,9.912090548521564e-06,189.0,0.14093959731543623
baidu-4重庆天极B20KA03223,2020-12-30,壁纸-灵笼,135289322.0,91,6.726325378436001e-07,7.0,0.07692307692307693
baidu-4重庆天极B20KA03223,2020-12-30,壁纸-赛博朋克,135289325.0,2277,1.6830596205576455e-05,178.0,0.07817303469477382
baidu-4重庆天极B20KA03223,2020-12-30,壁纸-像素风壁纸,135289326.0,82,6.061084227738705e-07,1.0,0.012195121951219513
baidu-4重庆天极B20KA03223,2020-12-30,壁纸-原神壁纸,135289327.0,1464,1.0821252736367001e-05,30.0,0.020491803278688523
baidu-4重庆天极B20KA03223,2020-12-30,壁纸-小丑壁纸,135328211.0,595,4.39671813883655e-06,22.0,0.03697478991596639
baidu-4重庆天极B20KA03223,2020-12-30,公司软件-壁纸软件1,136184469.0,1082,7.945105693366547e-06,19.0,0.01756007393715342
baidu-4重庆天极B20KA03223,2020-12-30,壁纸-你的名字IP,136406975.0,2108,1.545375520569971e-05,5.0,0.0023719165085388993
baidu-4重庆天极B20KA03223,2020-12-30,壁纸-初音未来IP,136406977.0,2167,1.5886284174452456e-05,62.0,0.02861098292570374
baidu-4重庆天极B20KA03223,2020-12-30,壁纸-鬼灭之刃IP,136600199.0,19191,0.00014049027849512868,207.0,0.010786306080975458
baidu-4重庆天极B20KA03223,2020-12-30,壁纸-天气之子IP,136600202.0,1682,1.2313305363926183e-05,17.0,0.010107015457788348
baidu-4重庆天极B20KA03223,2020-12-30,壁纸-鼠标,136872189.0,3311,2.4190451136863164e-05,404.0,0.12201751736635458
baidu-4重庆天极B20KA03223,2020-12-30,壁纸-屏保,137317144.0,5852,4.261667428795344e-05,133.0,0.022727272727272728
baidu-4重庆天极B20KA03223,2020-12-30,壁纸-动态壁纸制作,137638380.0,1505,1.0934450114858952e-05,71.0,0.04717607973421927
baidu-4重庆天极B20KA03223,2020-12-30,壁纸-时钟,137638381.0,10697,7.77181475274691e-05,432.0,0.040385154716275594
baidu-4重庆天极B20KA03223,2020-12-30,壁纸-musedash的壁纸,139148762.0,688,4.944348696397313e-06,193.0,0.2805232558139535
baidu-4重庆天极B20KA03223,2020-12-30,壁纸-天官赐福壁纸,140835973.0,1536,1.0906304456745578e-05,51.0,0.033203125
baidu-4重庆天极B20KA03223,2020-12-30,壁纸-樱花,132407139.0,297,2.2430814701010947e-06,8.0,0.026936026936026935
baidu-4重庆天极B20KA03223,2020-12-30,壁纸-一拳超人壁纸,132425489.0,187,1.4121148535083e-06,8.0,0.0427807486631016
baidu-4重庆天极B20KA03223,2020-12-30,壁纸-灵魂莲华,133269926.0,111,8.328960878990809e-07,7.0,0.06306306306306306
baidu-4重庆天极B20KA03223,2020-12-30,壁纸-梦幻,133373526.0,124,9.29719740632785e-07,4.0,0.03225806451612903
baidu-4重庆天极B20KA03223,2020-12-30,壁纸-一人之下壁纸,133929555.0,85,6.346620057088968e-07,1.0,0.011764705882352941
baidu-4重庆天极B20KA03223,2020-12-30,壁纸-大鱼海棠,134746340.0,223,1.6549614631462346e-06,12.0,0.053811659192825115
baidu-4重庆天极B20KA03223,2020-12-30,壁纸-下雨壁纸,135214864.0,129,9.54037124202558e-07,7.0,0.05426356589147287
baidu-4重庆天极B20KA03223,2020-12-30,壁纸-咱们裸熊,133478740.0,130,9.739378720536319e-07,3.0,0.023076923076923078
baidu-4重庆天极B20KA03223,2020-12-30,壁纸-hellokitty,134712589.0,334,2.479352542174065e-06,19.0,0.05688622754491018
baidu-4重庆天极B20KA03223,2020-12-30,壁纸-蒲公英壁纸,135289324.0,211,1.5596204767790842e-06,3.0,0.014218009478672985
baidu-4重庆天极B20KA03223,2020-12-30,壁纸-小林家的龙女仆,132425488.0,63,4.7573923231455264e-07,3.0,0.047619047619047616
baidu-4重庆天极B20KA03223,2020-12-30,壁纸-秒速五厘米,135214865.0,139,1.0279934828171443e-06,4.0,0.02877697841726619
baidu-4重庆天极B20KA03223,2020-12-30,壁纸-阿丽塔壁纸,132425484.0,89,6.720760786496351e-07,2.0,0.02247191011235955
baidu-4重庆天极B20KA03223,2020-12-30,壁纸-锦鲤壁纸,132425487.0,188,1.4196662912782039e-06,6.0,0.031914893617021274
baidu-4重庆天极B20KA03223,2020-12-30,壁纸-小埋壁纸,132407138.0,203,1.5331499726245877e-06,1.0,0.0049261083743842365
baidu-4重庆天极B20KA03223,2020-12-30,壁纸-冰雪奇缘壁纸,132353120.0,242,1.8284419740161774e-06,3.0,0.012396694214876033
baidu-4重庆天极B20KA03223,2020-12-30,壁纸-埃罗芒阿老师,132367131.0,28,2.1153287669277956e-07,2.0,0.07142857142857142
baidu-4重庆天极B20KA03223,2020-12-30,壁纸-愤怒的小鸟,132371899.0,111,8.385465558668158e-07,4.0,0.036036036036036036
baidu-4重庆天极B20KA03223,2020-12-30,壁纸-公主连结壁纸,132377556.0,23,1.737454648278897e-07,0.0,0.0
baidu-4重庆天极B20KA03223,2020-12-30,壁纸-黑岩射手,133269927.0,24,1.800856392755434e-07,4.0,0.16666666666666666
baidu-重庆天极A19KA02248,2020-12-30,第三方软件-驾考宝典,121786340.0,3543,2.9091932642035222e-05,8.0,0.0022579734688117415
baidu-重庆天极A19KA02248,2020-12-30,第三方软件-酷我音乐,121786341.0,75975,0.0006238384319305561,2167.0,0.028522540309312273
baidu-重庆天极A19KA02248,2020-12-30,第三方软件-暴风影音,121786343.0,15501,0.0001272802813366356,1269.0,0.08186568608476873
baidu-重庆天极A19KA02248,2020-12-30,第三方软件-植物大战僵尸,122122231.0,7982,6.53607450063699e-05,1061.0,0.13292407917815083
baidu-重庆天极A19KA02248,2020-12-30,第三方软件-王者荣耀PC版,122372818.0,1564,1.2780616035172125e-05,55.0,0.03516624040920716
baidu-重庆天极A19KA02248,2020-12-30,第三方软件-我的世界,122408321.0,38455,0.0003141534798112295,2603.0,0.06768950721622675
baidu-重庆天极A19KA02248,2020-12-30,第三方软件-和平精英,122419492.0,14259,0.0001164765493390546,103.0,0.0072235079598849845
baidu-重庆天极A19KA02248,2020-12-30,第三方软件-钉钉电脑版,122544734.0,58748,0.00047940044490202245,834.0,0.014196227956696398
baidu-重庆天极A19KA02248,2020-12-30,第三方软件-zoom视频会议,122824455.0,557,4.534927510974912e-06,105.0,0.18850987432675045
baidu-重庆天极A19KA02248,2020-12-30,第三方软件-美图秀秀,122902400.0,63264,0.0005147499153800089,1894.0,0.029938037430450176
baidu-重庆天极A19KA02248,2020-12-30,第三方软件-香肠派对,123187976.0,447,3.628600895269194e-06,23.0,0.05145413870246085
baidu-重庆天极A19KA02248,2020-12-30,第三方软件-cctalk,123216058.0,179,1.4527327274177201e-06,4.0,0.0223463687150838
baidu-重庆天极A19KA02248,2020-12-30,第三方软件-火狐浏览器,123633509.0,17746,0.00014353713765416138,2554.0,0.1439197565648597
baidu-重庆天极A19KA02248,2020-12-30,第三方软件-WPS-excel,124508595.0,191106,0.001534881989472293,1730.0,0.009052567684949714
baidu-重庆天极A19KA02248,2020-12-30,第三方软件-万能五笔,124508596.0,31828,0.00025562893665590766,1160.0,0.0364458966947342
baidu-重庆天极A19KA02248,2020-12-30,第三方软件-WPS-word,124508597.0,123431,0.0009913452000426927,2357.0,0.019095689089450786
baidu-重庆天极A19KA02248,2020-12-30,第三方软件-QQ五笔,124655010.0,1936,1.5530863942010836e-05,346.0,0.1787190082644628
baidu-重庆天极A19KA02248,2020-12-30,第三方软件-千牛,128591252.0,7282,5.662904658553289e-05,208.0,0.028563581433672068
baidu-重庆天极A19KA02248,2020-12-30,第三方软件-迷你世界,128778675.0,13477,0.00010465242013089512,1711.0,0.12695703791645024
baidu-重庆天极A19KA02248,2020-12-30,第三方软件-央视影音,128930672.0,4814,3.733789582668118e-05,386.0,0.08018280016618197
baidu-重庆天极A19KA02248,2020-12-30,第三方软件-快剪辑,128995933.0,4823,3.738877566008225e-05,299.0,0.06199460916442048
baidu-重庆天极A19KA02248,2020-12-30,公司软件-猎豹免费WIFI,129016606.0,2539,1.9679637208872167e-05,313.0,0.12327688066167783
baidu-重庆天极A19KA02248,2020-12-30,第三方软件-光影魔术手,129173227.0,2035,1.575403856714054e-05,3.0,0.0014742014742014742
baidu-重庆天极A19KA02248,2020-12-30,第三方软件-极品五笔输入法,129173229.0,2102,1.627272164884877e-05,270.0,0.12844909609895339
baidu-重庆天极A19KA02248,2020-12-30,第三方软件-极点五笔输入法,129173230.0,1604,1.2417433550279729e-05,49.0,0.03054862842892768
baidu-重庆天极A19KA02248,2020-12-30,第三方软件-CAJViewer,129173233.0,15737,0.00012182864541293939,381.0,0.024210459426828493
baidu-重庆天极A19KA02248,2020-12-30,第三方软件-PDF,129173236.0,24753,0.00019162638303804667,201.0,0.008120227851169556
baidu-重庆天极A19KA02248,2020-12-30,第三方软件-foxmail,129173237.0,17654,0.0001366691770680021,519.0,0.02939843661493146
baidu-重庆天极A19KA02248,2020-12-30,第三方软件-Rar解压软件,129173241.0,142976,0.0011068546309835176,8957.0,0.06264687779767233
baidu-重庆天极A19KA02248,2020-12-30,第三方软件-photoshopcs6,129173242.0,14559,0.00011270910116198833,733.0,0.050346864482450716
baidu-重庆天极A19KA02248,2020-12-30,第三方软件-WPS-PPT,129173246.0,5760,4.459127705128661e-05,246.0,0.042708333333333334
baidu-重庆天极A19KA02248,2020-12-30,第三方软件-WPS,129173247.0,30163,0.00023350810404262735,726.0,0.024069223883565957
baidu-重庆天极A19KA02248,2020-12-30,第三方软件-微师客户端,129173248.0,934,7.230599326572635e-06,58.0,0.06209850107066381
baidu-重庆天极A19KA02248,2020-12-30,第三方软件-网易邮箱大师,129173249.0,9336,7.227502654206677e-05,175.0,0.018744644387317908
baidu-重庆天极A19KA02248,2020-12-30,第三方软件-洋葱教学,129173254.0,831,6.433220301162344e-06,24.0,0.02888086642599278
baidu-重庆天极A19KA02248,2020-12-30,第三方软件-逍遥笔手写输入法,129173255.0,44641,0.00034559011461002514,118.0,0.0026433099616944063
baidu-重庆天极A19KA02248,2020-12-30,行业定投-五笔输入法-搜狗,129173260.0,11768,9.110244643512133e-05,153.0,0.013001359619306594
baidu-重庆天极A19KA02248,2020-12-30,第三方软件-WIFI共享大师,130088651.0,31442,0.00024169671803268988,1923.0,0.061160231537434
baidu-重庆天极A19KA02248,2020-12-30,第三方软件-IE浏览器,132932873.0,40615,0.00030553014527866256,2666.0,0.06564077311338176
baidu-重庆天极A19KA02248,2020-12-30,第三方软件-网易云音乐,138706410.0,79024,0.0005697213272263336,349.0,0.004416379833974489
baidu-重庆天极A19KA02248,2020-12-30,第三方软件-微信,138933772.0,81807,0.0005888201178328333,1463.0,0.017883555196988032
baidu-重庆天极A19KA02248,2020-12-30,第三方软件-输入法-搜狗,139185060.0,51756,0.0003718502546178448,519.0,0.010027822861117551
baidu-重庆天极A19KA02248,2020-12-30,第三方软件-谷歌浏览器,139816915.0,130902,0.0009362386518111918,3824.0,0.029212693465340483
baidu-重庆天极A19KA02248,2020-12-30,第三方软件-QQ音乐,141902230.0,133772,0.0009427054106196922,3062.0,0.02288969291032503
星创syjjljk-3,2020-12-30,第三方软件-极光PDF阅读器,142031551.0,150226,0.0010576945681597184,3277.0,0.02181380054051895
淘前程jjljk-1,2020-12-30,第三方软件-极光PDF转换器,140122952.0,109990,0.0007849534885619595,3487.0,0.03170288208018911
蓝都hbljk-2,2020-12-30,第三方软件-whatsapp,132016793.0,2844,2.1542713887921818e-05,31.0,0.01090014064697609
蓝都hbljk-2,2020-12-30,第三方软件-classin,132016796.0,979,7.415723072085464e-06,229.0,0.23391215526046988
蓝都hbljk-2,2020-12-30,第三方软件-foxmail,132016797.0,20122,0.0001524199984945855,1230.0,0.06112712454030415
蓝都hbljk-2,2020-12-30,第三方软件-cad快速看图,132016798.0,24148,0.00018291611647784398,64.0,0.002650323008116614
蓝都hbljk-2,2020-12-30,第三方软件-CAJViewer,132016799.0,18680,0.00014149714385969925,2444.0,0.13083511777301926
蓝都hbljk-2,2020-12-30,行业定投-拼音输入法,132016800.0,30986,0.00023471255173583967,7178.0,0.23165300458271476
蓝都hbljk-2,2020-12-30,行业定投-五笔输入法,132016801.0,3362,2.5466455591512175e-05,153.0,0.0455086258179655
蓝都hbljk-2,2020-12-30,行业定投-WPS-excel,132016802.0,1876,1.4210312411597427e-05,166.0,0.08848614072494669
蓝都hbljk-2,2020-12-30,行业定投-WPS办公软件,132016803.0,4845,3.669987372743756e-05,661.0,0.13642930856553148
蓝都hbljk-2,2020-12-30,第三方软件-瞩目,132016806.0,2937,2.224716753107934e-05,906.0,0.3084780388151175
蓝都hbljk-2,2020-12-30,第三方软件-桌面日历,132016807.0,7630,5.7795671425381464e-05,479.0,0.06277850589777195
蓝都hbljk-2,2020-12-30,第三方软件-洋葱教学,132016808.0,861,6.521896817865798e-06,149.0,0.17305458768873402
蓝都hbljk-2,2020-12-30,第三方软件-智能ABC,132016809.0,631,4.779694379675545e-06,140.0,0.2218700475435816
蓝都hbljk-2,2020-12-30,第三方软件-微师客户端,132016810.0,1032,7.81718631134929e-06,359.0,0.3478682170542636
蓝都hbljk-2,2020-12-30,第三方软件-逍遥笔手写输入法,132016811.0,65830,0.0004986486152888513,707.0,0.010739784292875589
蓝都hbljk-2,2020-12-30,第三方软件-万能五笔,132016812.0,51899,0.0003931241727000649,2935.0,0.056552149367039825
蓝都hbljk-2,2020-12-30,第三方软件-网易邮箱大师,132016813.0,11501,8.71176915928125e-05,1378.0,0.11981566820276497
蓝都hbljk-2,2020-12-30,第三方软件-极点五笔输入法,132016816.0,1889,1.4308783208345215e-05,239.0,0.12652196929592377
蓝都hbljk-2,2020-12-30,第三方软件-极品五笔输入法,132016817.0,22684,0.0001718265938800812,2844.0,0.1253747134544172
蓝都hbljk-2,2020-12-30,第三方软件-光影魔术手,132016818.0,4656,3.52682337791235e-05,120.0,0.02577319587628866
蓝都hbljk-2,2020-12-30,第三方软件-zoom视频会议,132016820.0,715,5.415976539959075e-06,8.0,0.011188811188811189
蓝都hbljk-2,2020-12-30,第三方软件-WPS-PPT,132016822.0,24969,0.00018913498766089066,2228.0,0.08923064600104129
蓝都hbljk-2,2020-12-30,第三方软件-WPS-word,132016823.0,243795,0.0018466964623137462,7118.0,0.029196661129227426
蓝都hbljk-2,2020-12-30,第三方软件-WPS,132016824.0,73383,0.0005558609711744012,4492.0,0.06121308749982966
蓝都hbljk-2,2020-12-30,第三方软件-WPS-excel,132016825.0,341443,0.0025863597310418576,6105.0,0.017879997539852917
蓝都hbljk-2,2020-12-30,第三方软件-输入法-搜狗,134966391.0,116349,0.0008620590588363587,536.0,0.004606829452767106
蓝都hbljk-2,2020-12-30,第三方软件-网易云音乐,135820377.0,247513,0.0018223554187307256,3926.0,0.01586179311793724
蓝都hbljk-2,2020-12-30,第三方软件-火狐浏览器,139172410.0,6290,4.519573958660341e-05,32.0,0.005087440381558029
蓝都hbljk-2,2020-12-30,公司软件-C盘瘦身,139562239.0,137758,0.0009870721549544645,5743.0,0.04168904891185993
蓝都hbljk-2,2020-12-30,第三方软件-bandzip,141905317.0,5937,4.183775580445657e-05,1280.0,0.21559710291392958
